Gender,Married,Dependents,Education,Self_Employed,ApplicantIncome,CoapplicantIncome,LoanAmount,Loan_Amount_Term,Credit_History,Property_Area_Semiurban,Property_Area_Urban,Loan_Status
1,0,0.0,0,0,-0.430567500590937,-1.087807285987484,-1.8964388551754523,0.28069138826167456,1.0,0.0,1.0,1
1,1,1.0,0,0,-0.40132423508537457,-1.087807285987484,-0.5962729655604662,0.28069138826167456,1.0,1.0,0.0,1
1,1,2.0,0,0,-0.38949440472514607,0.833979711820945,0.2987745528819101,0.28069138826167456,0.0,0.0,0.0,0
1,1,1.0,1,0,-0.7520666445030031,0.8001775888070419,-0.26968207135020994,-2.4867678815472076,0.0,0.0,0.0,0
1,1,0.0,0,0,-0.7717732655403874,0.9016708201679339,0.2987745528819101,0.28069138826167456,1.0,1.0,0.0,1
1,1,2.0,1,1,-1.298480852477363,0.8577448002108776,-0.5755303063106267,0.28069138826167456,1.0,1.0,0.0,1
1,1,0.0,0,0,-0.5585323845736011,1.0125292036396658,-1.6714970708113455,-2.4867678815472076,1.0,1.0,0.0,1
1,1,0.0,0,0,-0.9210472776813289,0.8916114929084061,-1.601752519803333,0.28069138826167456,1.0,0.0,0.0,1
0,0,0.0,0,1,0.8718879869865476,-1.087807285987484,0.8159399567950343,0.28069138826167456,1.0,0.0,0.0,0
1,1,0.0,0,0,0.10868608270853251,1.1412455416191705,1.3663902128145275,0.28069138826167456,1.0,1.0,0.0,1
1,0,1.0,0,0,3.4282193500878684,-1.087807285987484,0.32538535191889467,0.28069138826167456,1.0,1.0,0.0,1
1,1,0.0,0,0,1.8274080308349139,-1.087807285987484,-0.019686251591508733,0.28069138826167456,1.0,0.0,1.0,1
0,0,1.0,0,0,-0.624994102559224,0.8102952918394882,-0.7254056428312404,0.28069138826167456,1.0,0.0,1.0,1
1,0,0.0,0,0,-0.20718264374182152,1.0976091353671964,0.6200716872910129,0.28069138826167456,1.0,0.0,1.0,0
1,1,2.0,0,0,-0.7941658040128621,0.913800674029384,-0.06727413067332899,0.28069138826167456,1.0,0.0,0.0,1
1,1,0.0,0,0,0.5329232234595145,0.9047858073557666,1.4438859601068383,0.28069138826167456,1.0,1.0,0.0,0
1,0,0.0,0,0,-0.041532075787854526,1.2053174519986096,0.7094737151407231,0.28069138826167456,1.0,0.0,1.0,1
1,0,0.0,1,0,0.8488635175897128,-1.087807285987484,-0.14916351764279945,0.28069138826167456,1.0,0.0,0.0,0
1,1,3.0,0,0,0.020357478478394853,0.8487846986373119,0.42845945666931523,0.28069138826167456,0.0,0.0,1.0,1
1,1,2.0,1,0,0.003918565604793092,1.0007040670003664,0.05722003183934124,-2.4867678815472076,1.0,0.0,1.0,1
1,1,3.0,0,0,-0.10555967028729354,1.2239586172126937,1.6255512415338818,0.28069138826167456,1.0,1.0,0.0,0
1,1,0.0,1,1,0.14670556140095514,-1.087807285987484,-0.5962729655604662,0.28069138826167456,1.0,0.0,1.0,1
1,1,2.0,0,0,-1.1618563596763527,0.8198720478152219,-0.4946238557143177,0.28069138826167456,1.0,0.0,0.0,1
1,1,1.0,0,1,1.3373768741654093,-1.087807285987484,0.3646563246339822,0.28069138826167456,1.0,0.0,0.0,0
1,1,1.0,1,0,-0.3158175426658866,0.7161607942081458,0.08718193611360721,0.28069138826167456,1.0,0.0,1.0,1
1,1,0.0,0,0,0.415252790014151,0.8920937667703779,0.6086133475858632,0.28069138826167456,1.0,0.0,0.0,0
1,1,1.0,0,0,0.5545580436344943,1.0689040745976726,1.8860253797882374,0.28069138826167456,1.0,0.0,1.0,1
1,1,2.0,0,1,0.46480669800904256,-1.087807285987484,0.2167744742757309,-3.9627461587786112,1.0,0.0,0.0,1
1,1,0.0,0,0,-0.27452511213001307,1.0698738320548404,0.04207096064570286,-2.4867678815472076,0.0,0.0,0.0,0
1,1,3.0,0,0,-0.4732375274329909,1.0532584112293901,0.6652666752855875,-0.6417950350079528,0.0,1.0,0.0,0
0,0,0.0,0,0,-0.8455868293169638,-1.087807285987484,-1.3146330633475283,0.28069138826167456,1.0,0.0,1.0,1
0,0,0.0,0,0,-0.5611587253685045,-1.087807285987484,-1.534333225214702,0.28069138826167456,1.0,0.0,1.0,1
0,0,0.0,0,0,-0.1673801686468019,-1.087807285987484,-0.30547754647861824,0.28069138826167456,1.0,1.0,0.0,1
1,0,0.0,0,0,-0.27891356916181465,-1.087807285987484,-0.5962729655604662,0.28069138826167456,1.0,0.0,1.0,0
1,1,1.0,1,0,0.34734741696046584,0.7273453743727837,0.7312200703460783,0.28069138826167456,1.0,0.0,1.0,1
1,1,2.0,0,0,0.5157703265012044,-1.087807285987484,0.05722003183934124,0.28069138826167456,1.0,1.0,0.0,1
0,0,0.0,0,0,-0.041532075787854526,-1.087807285987484,-0.21714946719394093,0.28069138826167456,0.0,1.0,0.0,0
1,1,2.0,0,0,0.04451962057612673,-1.087807285987484,-0.03542478664660795,0.28069138826167456,0.0,1.0,0.0,0
1,0,0.0,0,0,0.5329232234595145,-1.087807285987484,0.16020039234110842,0.28069138826167456,1.0,0.0,0.0,1
1,0,0.0,0,0,-1.2644296107986093,1.1140786799499889,-1.3146330633475283,0.28069138826167456,1.0,0.0,0.0,0
1,1,1.0,0,1,-2.2878152361545654,0.9809039977626148,-0.323615708848252,0.28069138826167456,1.0,0.0,1.0,0
1,1,2.0,0,0,-0.041154147481363576,0.7908980128113863,0.40317923314672965,0.28069138826167456,1.0,0.0,0.0,1
1,0,0.0,0,0,-0.05405485827949866,-1.087807285987484,-0.1160088153135048,0.28069138826167456,1.0,1.0,0.0,1
1,1,1.0,0,0,-1.185902875764287,0.9724852688085986,-0.26968207135020994,0.28069138826167456,1.0,0.0,1.0,0
1,0,0.0,1,0,-0.46233771777412136,0.9418935687605382,-0.14916351764279945,0.28069138826167456,1.0,0.0,0.0,1
1,1,3.0,1,0,-0.5094463912912877,-1.087807285987484,-0.26968207135020994,0.28069138826167456,1.0,0.0,0.0,1
1,1,2.0,0,0,0.24581630703874152,1.030826879331521,1.210428830328794,0.28069138826167456,1.0,1.0,0.0,1
1,1,1.0,0,0,0.10868608270853251,0.8015497488993153,-0.019686251591508733,0.28069138826167456,1.0,0.0,0.0,0
0,0,0.0,0,1,-0.33255154064278697,-1.087807285987484,-0.1160088153135048,0.28069138826167456,1.0,0.0,1.0,1
1,1,0.0,0,0,0.45931596137010966,1.089047050278197,1.3899523226087962,0.28069138826167456,1.0,1.0,0.0,0
0,0,0.0,0,0,1.0501859693382194,-1.087807285987484,1.554831044822587,0.28069138826167456,1.0,1.0,0.0,1
1,0,2.0,0,0,-0.2948140361041725,-1.087807285987484,-0.9608329544971649,0.28069138826167456,0.0,0.0,0.0,0
1,1,1.0,0,0,1.9315359094081987,-1.087807285987484,0.7203761218562649,-2.4867678815472076,1.0,0.0,0.0,1
1,1,2.0,0,1,0.3719575459403535,1.065603982654966,1.4590350313004767,0.28069138826167456,1.0,0.0,1.0,1
1,1,0.0,0,0,0.20109574664548063,0.6475522654667009,-0.06727413067332899,0.28069138826167456,1.0,1.0,0.0,1
1,1,1.0,1,0,0.33310988534571645,0.7878494680626703,0.44098204496396876,0.28069138826167456,0.0,1.0,0.0,1
1,0,0.0,0,0,1.9758334981783492,-1.087807285987484,1.2609912525971811,0.28069138826167456,0.0,1.0,0.0,0
1,1,0.0,0,1,0.48441635251225446,0.8942529179141863,0.7094737151407231,0.28069138826167456,1.0,1.0,0.0,1
1,1,2.0,0,0,0.7066957808912421,0.8399450150478514,1.1585697953870653,-0.6417950350079528,1.0,1.0,0.0,1
0,1,0.0,0,0,0.10868608270853251,-1.087807285987484,-0.8633494311864762,0.28069138826167456,1.0,0.0,0.0,0
1,1,0.0,0,0,-0.19672016200002873,-1.087807285987484,-0.323615708848252,0.28069138826167456,1.0,1.0,0.0,1
1,1,0.0,1,0,-0.6027070474736894,0.5348414640710965,-1.3445949676217943,0.28069138826167456,1.0,0.0,0.0,0
1,1,0.0,1,0,-0.9098558928451114,1.040021109275337,-0.019686251591508733,-2.4867678815472076,1.0,0.0,1.0,0
1,1,0.0,0,0,-0.21686989792644398,0.8436045179227232,0.026807555757940034,0.28069138826167456,1.0,1.0,0.0,1
1,1,0.0,0,0,0.48522814681409493,-1.087807285987484,0.2167744742757309,0.28069138826167456,1.0,0.0,1.0,1
1,0,0.0,0,0,-0.041532075787854526,-1.087807285987484,-0.5549982360699831,0.28069138826167456,0.0,1.0,0.0,0
1,1,2.0,0,0,-0.22110040331640887,-1.087807285987484,-0.14916351764279945,0.28069138826167456,1.0,1.0,0.0,1
0,0,0.0,0,0,0.09626801935377047,-1.087807285987484,-0.23450915788532117,0.28069138826167456,1.0,1.0,0.0,1
1,1,2.0,0,0,0.24581630703874152,-1.087807285987484,-1.1711408722036414,0.28069138826167456,0.0,1.0,0.0,0
0,0,1.0,0,0,-0.2974797905511231,-1.087807285987484,-0.2875006143516613,0.28069138826167456,1.0,1.0,0.0,1
1,0,0.0,1,0,0.7260844343956371,-1.087807285987484,0.011428078235602254,0.28069138826167456,1.0,1.0,0.0,1
1,1,0.0,1,0,-0.7838377918588227,0.8626514592068464,-0.21714946719394093,0.28069138826167456,0.0,1.0,0.0,0
1,1,0.0,0,0,-1.0962683188206785,0.8153714130954087,-0.5962729655604662,0.28069138826167456,1.0,1.0,0.0,1
1,1,0.0,0,0,-1.3548900663871513,0.8567798009205674,-0.7254056428312404,0.28069138826167456,1.0,0.0,1.0,1
1,1,1.0,0,0,-0.6955290026278158,0.8531635983298529,-0.23450915788532117,0.28069138826167456,1.0,1.0,0.0,1
1,1,0.0,0,0,-0.22152407950181435,-1.087807285987484,-2.241510458685856,-2.4867678815472076,1.0,0.0,0.0,1
1,1,1.0,0,0,0.43799608795117145,-1.087807285987484,-2.1495677376025375,0.28069138826167456,1.0,0.0,1.0,1
0,1,2.0,0,0,-1.783244463109928,0.8585690808778557,0.5145316611545941,0.28069138826167456,1.0,0.0,1.0,0
1,1,3.0,0,0,0.9339298415785066,-1.087807285987484,-0.019686251591508733,-2.4867678815472076,1.0,0.0,1.0,1
0,0,0.0,1,0,-1.0375652678549578,-1.087807285987484,-1.3445949676217943,0.28069138826167456,1.0,0.0,0.0,1
1,0,0.0,1,1,0.47953678031746655,-1.087807285987484,0.04207096064570286,0.28069138826167456,1.0,1.0,0.0,1
1,1,2.0,0,1,2.218713316005546,-1.087807285987484,2.27400714654654,0.28069138826167456,1.0,0.0,0.0,1
0,0,0.0,0,0,-0.9243540523785898,-1.087807285987484,-2.0616238147532395,0.28069138826167456,1.0,0.0,0.0,0
1,1,2.0,0,0,0.36438113513213227,-1.087807285987484,0.011428078235602254,0.28069138826167456,1.0,0.0,1.0,1
1,1,0.0,0,0,-0.31716774952933097,0.8697095524990983,-0.21714946719394093,0.28069138826167456,1.0,0.0,0.0,1
1,1,0.0,0,0,-0.9940653960481802,0.8828976977985242,-0.019686251591508733,0.28069138826167456,1.0,0.0,1.0,1
1,1,0.0,1,1,-0.7783973159492935,1.0150102250144515,0.49031111360488727,-2.4867678815472076,0.0,0.0,0.0,0
0,1,0.0,0,0,-0.2424250752611024,0.7930284541437337,0.2167744742757309,0.28069138826167456,1.0,1.0,0.0,1
1,1,3.0,1,0,0.16670180387510514,-1.087807285987484,-0.6172305784745311,0.28069138826167456,0.0,1.0,0.0,0
1,1,0.0,1,0,-1.345347113311297,0.8427309569890982,-0.6172305784745311,0.28069138826167456,1.0,0.0,0.0,1
0,1,0.0,1,1,0.8073016536181361,-1.087807285987484,0.13130859314920248,0.28069138826167456,1.0,0.0,0.0,1
1,1,2.0,0,1,0.5329232234595145,-1.087807285987484,0.9269219494968053,-1.5642814582775801,1.0,1.0,0.0,0
1,1,0.0,0,0,0.5537812168815076,0.9389970503540993,0.687490981879646,0.28069138826167456,1.0,0.0,0.0,0
0,0,0.0,0,0,-0.4772198714250186,-1.087807285987484,-0.514549056768722,0.28069138826167456,1.0,1.0,0.0,1
0,0,0.0,0,0,-0.6027070474736894,-1.087807285987484,-0.8633494311864762,0.28069138826167456,1.0,1.0,0.0,1
1,1,0.0,1,1,0.16006455760213317,-1.087807285987484,0.13130859314920248,0.28069138826167456,1.0,0.0,1.0,0
1,1,2.0,0,0,1.289894992235966,-1.087807285987484,-0.2875006143516613,0.28069138826167456,1.0,0.0,1.0,1
1,1,0.0,0,0,0.4873908882589747,-1.087807285987484,0.13130859314920248,0.28069138826167456,1.0,0.0,0.0,1
1,1,1.0,0,0,0.7473002004678944,-1.087807285987484,0.8772292394725536,0.28069138826167456,1.0,1.0,0.0,1
1,0,0.0,0,0,-0.10555967028729354,0.9319717878767595,0.16020039234110842,0.28069138826167456,1.0,0.0,0.0,1
1,0,0.0,0,0,2.4472581467600567,-1.087807285987484,2.6418919855493197,0.28069138826167456,1.0,0.0,0.0,0
1,0,0.0,1,0,-0.17271156567253693,-1.087807285987484,-0.323615708848252,0.28069138826167456,1.0,0.0,0.0,1
1,1,2.0,0,0,-0.4199580432620903,0.508550415237669,0.08718193611360721,0.28069138826167456,1.0,1.0,0.0,1
1,0,0.0,0,0,-0.2714604514081774,-1.087807285987484,-0.9608329544971649,0.28069138826167456,1.0,0.0,1.0,0
1,1,0.0,0,0,2.1442645799518063,-1.087807285987484,-0.323615708848252,0.28069138826167456,1.0,1.0,0.0,1
0,0,3.0,0,0,-0.515562966783437,-1.087807285987484,1.3663902128145275,0.28069138826167456,1.0,0.0,0.0,1
1,1,2.0,0,0,0.6686328208860234,-1.087807285987484,0.9269219494968053,0.28069138826167456,1.0,1.0,0.0,1
1,1,0.0,0,0,-1.2150925916410638,0.6948232133453759,-1.8964388551754523,0.28069138826167456,1.0,1.0,0.0,1
1,1,1.0,0,0,1.0000715167451482,0.328021792329968,1.350528237008149,0.28069138826167456,1.0,0.0,1.0,1
0,0,0.0,0,0,0.008319079414300467,-1.087807285987484,0.10199805767587765,0.28069138826167456,0.0,1.0,0.0,0
1,1,0.0,1,0,-1.4826273469756477,1.0460620326038086,0.8872659426924134,0.28069138826167456,0.0,1.0,0.0,0
1,1,1.0,0,0,0.5498913255247794,0.8749114818727842,1.3264995399113626,0.28069138826167456,1.0,1.0,0.0,1
1,0,0.0,0,0,-1.362741174246352,0.7453981120121946,-2.0190455779356657,0.28069138826167456,1.0,0.0,1.0,1
1,0,0.0,0,1,1.4015650832151332,-1.087807285987484,0.7420061841690315,0.28069138826167456,0.0,0.0,1.0,0
1,1,0.0,0,0,1.9315359094081987,-1.087807285987484,2.4478757230867805,0.28069138826167456,1.0,1.0,0.0,1
1,1,1.0,0,0,0.32264660925572586,0.5991803523010224,0.42845945666931523,0.28069138826167456,1.0,0.0,0.0,1
1,1,0.0,0,0,0.5125831088002429,0.8812698577574244,0.9849850249746528,0.28069138826167456,1.0,0.0,0.0,1
0,0,0.0,0,0,0.8200388870300839,-1.087807285987484,-0.14916351764279945,0.28069138826167456,1.0,0.0,0.0,1
1,1,1.0,1,0,0.09869032313085573,0.7487780229440848,0.40317923314672965,0.28069138826167456,1.0,0.0,1.0,1
1,1,3.0,0,0,4.631958630685449,-1.087807285987484,2.061487227063168,0.28069138826167456,0.0,0.0,0.0,0
0,0,0.0,1,0,0.026523352919735257,-1.087807285987484,0.35165054638410453,0.28069138826167456,1.0,0.0,0.0,1
0,0,0.0,0,0,-0.43881494761002954,-1.087807285987484,-2.9032630846992187,0.28069138826167456,1.0,0.0,1.0,1
1,1,1.0,0,1,-0.3311880869061434,0.7447594221782392,0.011428078235602254,0.28069138826167456,1.0,0.0,0.0,1
1,0,0.0,1,0,-0.1446182479110537,0.8272546254804707,-0.3419180197142185,0.28069138826167456,1.0,0.0,0.0,1
1,1,1.0,0,0,-0.674486768809898,0.8634602442325574,0.24447890132258382,0.28069138826167456,0.0,0.0,0.0,0
1,1,2.0,1,1,0.6303674889071459,0.6955980123548756,0.7420061841690315,0.28069138826167456,1.0,0.0,0.0,0
0,1,0.0,0,0,-0.4737347701237042,-1.087807285987484,-2.545439915942599,0.28069138826167456,1.0,1.0,0.0,1
1,0,0.0,0,1,0.5459918033304019,1.0738955805678858,-0.14916351764279945,-2.4867678815472076,1.0,0.0,1.0,0
1,1,1.0,1,0,-0.7838377918588227,0.9319717878767595,-0.7254056428312404,0.28069138826167456,1.0,1.0,0.0,1
1,1,1.0,0,0,0.8309371882615176,0.8274094302884295,-0.323615708848252,0.28069138826167456,0.0,0.0,1.0,0
1,0,0.0,0,0,-0.0685994612673819,1.0148605369792134,0.31212372047771314,0.28069138826167456,1.0,0.0,0.0,1
1,1,0.0,0,0,4.244542387897973,-1.087807285987484,2.6835064486227727,-2.4867678815472076,1.0,0.0,1.0,1
1,1,0.0,0,0,-0.9098558928451114,-1.087807285987484,-1.0896912789834223,0.28069138826167456,1.0,0.0,1.0,1
1,1,0.0,0,0,-1.132872192607436,0.9916089774884407,-0.019686251591508733,0.28069138826167456,1.0,1.0,0.0,1
1,0,0.0,0,0,0.3423196640165851,-1.087807285987484,0.10199805767587765,0.28069138826167456,1.0,0.0,1.0,1
1,1,1.0,0,1,-0.9131392298893736,-1.087807285987484,-0.019686251591508733,0.28069138826167456,1.0,1.0,0.0,1
1,1,2.0,1,0,-0.23899366603945013,0.3301551681878912,-0.3603874772845236,0.28069138826167456,1.0,1.0,0.0,1
0,0,1.0,0,0,1.7819931070075026,-1.087807285987484,-2.337833022407851,0.28069138826167456,1.0,0.0,1.0,1
0,0,0.0,0,0,-0.041532075787854526,-1.087807285987484,-2.1495677376025375,0.28069138826167456,1.0,1.0,0.0,1
0,0,0.0,0,0,-0.7437801815945866,0.820826344685931,-0.8633494311864762,0.28069138826167456,1.0,0.0,1.0,1
0,0,0.0,0,0,0.5329232234595145,-1.087807285987484,0.37757899830214725,0.28069138826167456,1.0,0.0,1.0,1
0,1,0.0,0,0,-0.5962432235871028,0.9141326830906316,0.14580608568243383,0.28069138826167456,1.0,1.0,0.0,1
1,1,0.0,0,0,-2.248962348183996,1.135445508604136,1.0321291538521777,0.28069138826167456,1.0,0.0,0.0,1
1,0,0.0,0,0,-0.8455868293169638,-1.087807285987484,-1.7072925459397519,0.28069138826167456,1.0,1.0,0.0,1
1,0,0.0,0,0,-0.9323187530923331,0.9351517395926988,0.10199805767587765,0.28069138826167456,1.0,1.0,0.0,1
1,1,3.0,0,0,3.520655470671135,-1.087807285987484,3.092334531589717,-2.4867678815472076,0.0,1.0,0.0,1
1,1,0.0,1,0,-0.6151706847910822,0.9604767310890908,0.3646563246339822,0.28069138826167456,1.0,0.0,0.0,1
1,1,0.0,0,0,-0.44124890916650894,0.8678638254662532,-0.3603874772845236,0.28069138826167456,1.0,0.0,0.0,1
1,0,0.0,0,1,0.7351129932820674,-1.087807285987484,0.17449297160115532,0.28069138826167456,1.0,0.0,0.0,1
1,0,2.0,0,0,0.02797064565631218,-1.087807285987484,0.10199805767587765,0.28069138826167456,1.0,0.0,0.0,1
1,1,0.0,0,1,-1.132872192607436,1.0585586275575634,0.42845945666931523,0.28069138826167456,1.0,1.0,0.0,1
0,0,1.0,1,1,-0.1588058531337562,-1.087807285987484,-1.4690891301344644,0.28069138826167456,1.0,1.0,0.0,0
1,1,0.0,0,0,1.1859068348580726,-1.087807285987484,1.1409836711122934,0.28069138826167456,1.0,1.0,0.0,1
1,0,0.0,0,0,-0.5770094080548592,1.1447092964006167,0.3646563246339822,-4.331740728086462,1.0,0.0,1.0,1
1,1,2.0,0,0,-0.7197604991857204,0.7354268451104867,-0.5755303063106267,0.28069138826167456,1.0,1.0,0.0,1
0,0,1.0,0,1,0.8740029546868571,-1.087807285987484,-0.019686251591508733,0.28069138826167456,1.0,1.0,0.0,1
1,1,2.0,0,0,2.141809518216492,-1.087807285987484,1.5185214241345362,0.28069138826167456,1.0,0.0,1.0,1
1,1,0.0,0,0,0.01197680565124255,-1.087807285987484,0.011428078235602254,0.28069138826167456,1.0,1.0,0.0,1
1,0,0.0,1,0,0.5446898141599944,-1.087807285987484,-0.23450915788532117,0.28069138826167456,0.0,0.0,0.0,0
1,0,0.0,0,0,0.28439260038388675,-1.087807285987484,-0.08338888962458542,0.28069138826167456,0.0,0.0,0.0,0
1,0,0.0,0,0,-1.3170603476123997,0.964875338210868,-0.25201915079875786,0.28069138826167456,1.0,0.0,0.0,0
1,0,0.0,0,0,1.200232323502857,-1.087807285987484,1.2775683253115608,0.28069138826167456,1.0,0.0,1.0,0
1,0,0.0,0,0,0.1416665802133835,0.8853821925265731,-0.019686251591508733,0.28069138826167456,1.0,1.0,0.0,0
0,1,0.0,0,0,-0.7568214140303122,1.0143359442404614,-0.14916351764279945,0.28069138826167456,0.0,0.0,1.0,0
1,1,1.0,0,0,0.5210680651312506,1.1412455416191705,1.7922346221567171,0.28069138826167456,1.0,0.0,1.0,1
1,1,1.0,0,1,2.141904014464293,0.9047858073557666,-0.8163149497132443,0.28069138826167456,1.0,1.0,0.0,1
0,0,3.0,0,0,-3.6670074086134097,1.6581222429884102,2.004674739900405,-2.4867678815472076,1.0,0.0,1.0,0
0,1,0.0,1,0,-0.5496354426353524,0.5896398351923663,-0.4748930499643301,0.28069138826167456,1.0,1.0,0.0,1
1,0,0.0,0,1,0.7643866797099754,-1.087807285987484,0.6086133475858632,-2.4867678815472076,1.0,1.0,0.0,1
1,1,0.0,0,0,1.0503749448270472,-1.087807285987484,0.42845945666931523,0.28069138826167456,1.0,1.0,0.0,0
1,1,0.0,0,0,-0.9789142706349173,0.8039336168527111,-0.4359997061454893,0.28069138826167456,1.0,0.0,1.0,1
1,1,2.0,0,0,0.25898856239103163,0.8848872029031178,0.7203761218562649,0.28069138826167456,1.0,0.0,0.0,0
1,1,0.0,1,0,-0.8748252580052069,0.9141326830906316,0.676409356629895,0.28069138826167456,0.0,0.0,1.0,0
1,0,2.0,0,0,-0.2767178122053837,-1.087807285987484,-0.323615708848252,0.28069138826167456,0.0,0.0,0.0,0
1,1,2.0,0,0,0.11998393246079891,-1.087807285987484,0.07225646949181026,0.28069138826167456,1.0,0.0,1.0,0
1,0,0.0,0,0,0.16504511264236058,-1.087807285987484,-0.6384076468223703,0.28069138826167456,1.0,1.0,0.0,1
1,0,3.0,1,0,0.15072517109374597,0.8734913697115335,0.27180893274695556,0.28069138826167456,1.0,1.0,0.0,1
1,0,0.0,0,0,-0.4732375274329909,-1.087807285987484,-1.1164783136135623,0.28069138826167456,1.0,0.0,1.0,0
0,0,0.0,0,0,-0.9098558928451114,0.8560883003475656,-0.4359997061454893,0.28069138826167456,0.0,0.0,1.0,0
1,1,0.0,0,0,-0.55067953694588,0.8975761069215774,0.33856058775385467,0.28069138826167456,1.0,0.0,0.0,1
1,0,0.0,1,0,-0.2080226524069318,0.8275641423155567,-0.323615708848252,0.28069138826167456,1.0,1.0,0.0,1
1,1,0.0,0,0,0.008685234526899753,-1.087807285987484,-0.18287082371840307,0.28069138826167456,1.0,0.0,1.0,1
1,1,0.0,1,0,0.5415606418530525,-1.087807285987484,0.42845945666931523,0.28069138826167456,1.0,0.0,1.0,0
1,0,0.0,0,0,-0.3158175426658866,-1.087807285987484,-0.9360180229467153,-0.6417950350079528,1.0,1.0,0.0,1
0,0,0.0,1,0,-0.36146015152776945,-1.087807285987484,-0.6172305784745311,0.28069138826167456,1.0,0.0,0.0,0
1,1,1.0,0,0,-0.6217128176020978,0.853303623833441,-0.09963308577694752,2.1256642348009294,1.0,1.0,0.0,1
1,1,0.0,0,0,0.9663515719389152,0.8518999389742312,0.6652666752855875,0.28069138826167456,1.0,0.0,0.0,1
1,1,3.0,1,1,0.7980134097930998,-1.087807285987484,-0.06727413067332899,-4.331740728086462,1.0,0.0,1.0,1
1,1,0.0,0,0,-0.9210472776813289,1.0062589798462982,0.5738435820437626,0.28069138826167456,1.0,1.0,0.0,1
1,1,2.0,0,0,-0.456915969873793,0.603637504925453,-1.2273220278599801,0.28069138826167456,1.0,0.0,1.0,1
0,0,0.0,1,0,0.047380036726242414,-1.087807285987484,-0.14916351764279945,0.28069138826167456,1.0,1.0,0.0,1
0,0,0.0,0,0,-0.4354137081366911,-1.087807285987484,-0.9608329544971649,0.28069138826167456,1.0,0.0,1.0,1
1,1,0.0,1,0,-0.358683976526242,1.0788508307165876,-0.09963308577694752,0.28069138826167456,1.0,1.0,0.0,1
1,1,0.0,0,0,0.9006188576550339,0.698164007733851,0.6086133475858632,0.28069138826167456,1.0,1.0,0.0,1
1,1,0.0,0,0,0.12305115097592197,0.9664153775785432,-0.30547754647861824,-5.069729866702164,1.0,0.0,1.0,1
1,1,3.0,1,0,0.22393412309456917,-1.087807285987484,-0.019686251591508733,0.28069138826167456,1.0,1.0,0.0,0
1,0,0.0,0,1,0.29724744842532114,-1.087807285987484,-0.019686251591508733,0.28069138826167456,1.0,1.0,0.0,1
1,1,0.0,1,0,-1.362741174246352,0.9732780464615138,-0.659808815292104,0.28069138826167456,0.0,0.0,1.0,0
1,1,0.0,0,0,-0.7838377918588227,1.0187982335684167,-0.23450915788532117,0.28069138826167456,1.0,0.0,1.0,1
1,0,0.0,0,1,1.487477635349072,-1.087807285987484,-0.8872833383065414,0.28069138826167456,1.0,0.0,1.0,0
1,1,0.0,0,0,0.16504511264236058,0.9141326830906316,0.011428078235602254,0.28069138826167456,1.0,0.0,1.0,1
1,1,3.0,1,0,-0.10871206805671446,-1.087807285987484,-0.019686251591508733,-2.4867678815472076,1.0,0.0,1.0,0
1,1,1.0,1,0,-0.8506329408331832,0.9187365224876483,-0.019686251591508733,0.28069138826167456,1.0,0.0,0.0,1
1,1,1.0,0,0,0.38671393691541006,0.7037209876979599,-3.182657161591513,0.28069138826167456,1.0,1.0,0.0,1
0,0,0.0,0,0,-0.31132519446985235,-1.087807285987484,-1.0632544117072809,0.28069138826167456,0.0,0.0,1.0,0
1,1,3.0,1,0,-0.5865969560151124,0.8269447370764658,-1.2273220278599801,-2.4867678815472076,0.0,0.0,1.0,0
0,0,0.0,0,0,-0.8411847048827499,-1.087807285987484,-1.6714970708113455,0.28069138826167456,1.0,0.0,0.0,1
1,0,0.0,0,0,-1.185902875764287,0.8650702515901825,-1.1164783136135623,0.28069138826167456,1.0,0.0,1.0,1
1,1,2.0,0,0,0.9016575810388234,-1.087807285987484,0.7420061841690315,0.28069138826167456,1.0,0.0,1.0,1
1,1,2.0,1,0,-0.27102312912027815,0.8152092157859347,-0.019686251591508733,0.28069138826167456,1.0,0.0,0.0,1
1,1,0.0,0,0,-0.505381831074896,0.7632644215639829,-0.9608329544971649,0.28069138826167456,1.0,0.0,1.0,1
1,1,1.0,0,0,-0.3536069968020306,0.8399450150478514,0.7312200703460783,0.28069138826167456,1.0,0.0,1.0,1
1,1,0.0,0,0,-0.2727731473111578,0.8938943112213641,-0.16594694631347898,0.28069138826167456,0.0,0.0,0.0,0
1,0,0.0,0,0,0.49278478466002884,-1.087807285987484,-0.019686251591508733,0.28069138826167456,1.0,0.0,1.0,1
1,1,0.0,0,0,-0.2249175980992973,0.9389970503540993,0.5855000497478912,0.28069138826167456,1.0,0.0,1.0,0
0,0,0.0,0,0,1.3373768741654093,-1.087807285987484,1.0134031723974664,0.28069138826167456,1.0,1.0,0.0,0
0,0,0.0,0,0,-0.514031594558033,-1.087807285987484,-0.14916351764279945,0.28069138826167456,1.0,1.0,0.0,1
1,1,3.0,0,0,1.257260348137088,-1.087807285987484,1.5185214241345362,0.28069138826167456,1.0,0.0,0.0,1
0,0,0.0,0,0,-0.3568359080129443,-1.087807285987484,-0.7703495268339382,0.28069138826167456,1.0,0.0,1.0,1
1,1,0.0,0,0,0.46480669800904256,-1.087807285987484,1.3663902128145275,0.28069138826167456,1.0,0.0,1.0,0
1,1,0.0,0,0,-1.338442921610104,0.7691492587066298,-0.514549056768722,0.28069138826167456,0.0,0.0,1.0,0
1,1,0.0,0,0,1.942298669683084,0.886984384886114,1.7205804058686212,0.28069138826167456,1.0,0.0,0.0,0
1,1,0.0,0,0,0.11451630723544647,-1.087807285987484,-1.1436249164814627,-2.4867678815472076,1.0,1.0,0.0,1
1,1,2.0,0,0,-1.876161495984766,0.7168742087834765,-4.002666369224725,-3.4092543048168347,1.0,0.0,1.0,1
0,1,2.0,0,0,-1.1726706380305343,0.8219352503904623,-0.26968207135020994,2.1256642348009294,1.0,1.0,0.0,1
1,1,3.0,0,0,3.926719019527753,-1.087807285987484,3.403606785847013,-0.6417950350079528,1.0,0.0,1.0,1
1,1,1.0,0,0,0.22839863852294437,-1.087807285987484,-0.019686251591508733,0.28069138826167456,0.0,0.0,0.0,0
0,0,0.0,1,0,-0.7127990902407019,-1.087807285987484,-0.9608329544971649,0.28069138826167456,0.0,0.0,1.0,0
1,1,1.0,0,0,-0.20718264374182152,-1.087807285987484,-0.21714946719394093,0.28069138826167456,1.0,1.0,0.0,1
1,1,2.0,0,0,0.4846869971060568,1.1108471163155458,-0.14916351764279945,0.28069138826167456,1.0,0.0,0.0,1
1,1,1.0,0,0,1.451272101028564,-1.087807285987484,1.7729429825710947,0.28069138826167456,1.0,0.0,1.0,1
1,0,1.0,1,0,-0.27321095585039223,-1.087807285987484,-0.514549056768722,-1.5642814582775801,1.0,0.0,1.0,1
1,1,1.0,1,0,-1.230294796524154,0.9252801338642813,0.026807555757940034,0.28069138826167456,1.0,0.0,0.0,1
1,1,0.0,0,0,1.4633848635695688,-1.087807285987484,1.1932898163300836,0.28069138826167456,1.0,1.0,0.0,1
1,1,0.0,0,0,0.4543578789659,1.1412455416191705,0.7420061841690315,0.28069138826167456,1.0,1.0,0.0,1
1,1,2.0,0,0,0.9859615347198277,-1.087807285987484,0.8772292394725536,0.28069138826167456,1.0,1.0,0.0,1
1,1,0.0,0,0,-1.0318844097223858,-1.087807285987484,-1.534333225214702,0.28069138826167456,0.0,0.0,1.0,0
1,1,0.0,0,0,0.392463226780862,-1.087807285987484,-0.06727413067332899,0.28069138826167456,1.0,0.0,0.0,1
1,0,0.0,0,1,2.4420342076103783,-1.087807285987484,3.253953360946524,2.1256642348009294,1.0,0.0,1.0,1
1,1,2.0,0,0,1.546075924091974,0.7262026677279232,1.1143143851094741,0.28069138826167456,1.0,0.0,1.0,1
1,1,0.0,0,1,-0.7978272149056642,1.0366029315554888,0.32538535191889467,0.28069138826167456,1.0,0.0,0.0,1
0,1,0.0,0,1,0.3959027539925624,-1.087807285987484,-0.41682997448648273,0.28069138826167456,0.0,0.0,0.0,0
1,0,0.0,0,0,0.22999004636749257,-1.087807285987484,-0.06727413067332899,0.28069138826167456,1.0,0.0,1.0,1
0,0,0.0,0,0,-0.6875339793194513,0.7930284541437337,-0.323615708848252,0.28069138826167456,1.0,0.0,1.0,1
1,1,0.0,1,0,0.2098198304264219,-1.087807285987484,0.05722003183934124,0.28069138826167456,1.0,0.0,0.0,0
1,1,0.0,0,0,2.4076097049019194,1.124224562967895,2.9887765063865386,0.28069138826167456,1.0,0.0,0.0,0
0,1,2.0,0,0,1.9618060738940792,-1.087807285987484,-1.2273220278599801,0.28069138826167456,1.0,0.0,1.0,1
1,0,1.0,0,0,0.038783156380011403,0.8462076022623758,-0.19993752034219767,0.28069138826167456,1.0,0.0,1.0,1
1,1,3.0,1,0,-0.3059512357399741,-1.087807285987484,-0.9360180229467153,-2.4867678815472076,1.0,0.0,0.0,0
1,1,0.0,0,0,-0.9544316604252456,0.923259689695355,0.10199805767587765,0.28069138826167456,1.0,0.0,1.0,1
0,0,0.0,0,0,-0.9243540523785898,-1.087807285987484,-5.191401152330096,0.28069138826167456,1.0,0.0,1.0,0
1,0,0.0,1,0,-1.1968841089613,-1.087807285987484,-0.019686251591508733,0.28069138826167456,1.0,0.0,1.0,0
1,1,0.0,1,0,-0.2837550368017057,1.0605106425418662,0.32538535191889467,0.28069138826167456,0.0,0.0,0.0,0
1,1,0.0,0,0,-0.7443706281656066,1.071922549233509,-0.13251822575356637,0.28069138826167456,1.0,0.0,0.0,1
1,0,0.0,0,0,1.7354743272231117,-1.087807285987484,2.2990680812049393,0.28069138826167456,1.0,1.0,0.0,1
1,0,0.0,0,0,0.14267566698132308,0.8631909306874874,0.7203761218562649,0.28069138826167456,1.0,1.0,0.0,0
1,0,0.0,0,0,0.3719575459403535,-1.087807285987484,0.5265340201092831,0.28069138826167456,1.0,0.0,1.0,1
1,1,2.0,1,0,0.9190064794535369,-1.087807285987484,0.7203761218562649,0.28069138826167456,1.0,0.0,0.0,1
1,1,0.0,1,0,0.5579198724663624,-1.087807285987484,1.0506833348907063,0.28069138826167456,0.0,0.0,0.0,0
0,0,0.0,1,0,-1.2718414654638635,0.9176477945577046,-0.14916351764279945,0.28069138826167456,1.0,0.0,1.0,1
1,0,0.0,0,0,-0.8292977336686884,0.8447646862106128,0.23067412725749403,0.28069138826167456,1.0,0.0,0.0,1
1,1,0.0,0,0,1.2278230621349484,-1.087807285987484,0.7527350769598834,-2.4867678815472076,1.0,0.0,0.0,1
1,1,1.0,0,1,0.9434637443271509,-1.087807285987484,1.244277177728672,0.28069138826167456,1.0,0.0,1.0,1
1,1,0.0,0,0,-0.5413075120113765,0.7930284541437337,-0.6172305784745311,0.28069138826167456,1.0,0.0,1.0,1
1,1,0.0,1,0,-1.0093636870133735,0.8786183904740601,-0.323615708848252,0.28069138826167456,1.0,0.0,0.0,1
1,1,0.0,0,0,-0.8563292081985758,0.9284384564138302,-0.7254056428312404,-2.4867678815472076,0.0,0.0,0.0,1
1,1,1.0,0,0,0.5329232234595145,-1.087807285987484,0.42845945666931523,0.28069138826167456,1.0,0.0,0.0,1
1,0,0.0,0,0,0.6055009128725514,1.0787923956264605,0.9658152933156462,0.28069138826167456,0.0,0.0,0.0,0
1,1,0.0,0,0,-0.10831767311043207,1.0015725514118496,0.9464621164619053,0.28069138826167456,1.0,1.0,0.0,1
1,0,0.0,1,0,-1.7117927801990764,-1.087807285987484,-2.6008513697635895,0.28069138826167456,1.0,0.0,1.0,0
1,1,0.0,1,0,-0.03323852943111605,-1.087807285987484,-0.23450915788532117,-2.4867678815472076,1.0,1.0,0.0,1
0,0,1.0,0,0,-0.24887918705072348,-1.087807285987484,-0.6172305784745311,0.28069138826167456,1.0,1.0,0.0,1
1,0,1.0,1,0,-0.7367120341613379,0.7636609454661231,-0.6384076468223703,0.28069138826167456,1.0,1.0,0.0,1
1,0,0.0,0,0,0.4836041395799006,1.0307564943250767,1.7664713240951178,0.28069138826167456,1.0,0.0,0.0,0
0,1,1.0,0,0,-0.39610815977538344,0.6721271092432893,-0.41682997448648273,-3.9627461587786112,1.0,1.0,0.0,1
1,1,1.0,0,1,-1.0626628020140094,-1.087807285987484,-1.3445949676217943,-0.6417950350079528,0.0,0.0,0.0,0
1,1,1.0,0,1,1.310854673771923,0.8518999389742312,0.687490981879646,-2.4867678815472076,1.0,0.0,1.0,1
0,1,1.0,0,1,2.3878494504235985,-1.087807285987484,3.092334531589717,0.28069138826167456,1.0,1.0,0.0,1
1,0,0.0,1,0,-0.8144097185072618,0.8797580700716036,-0.05128676245298645,0.28069138826167456,1.0,0.0,0.0,1
1,1,2.0,0,0,-0.5206783211005138,1.2355505225916297,0.8772292394725536,0.28069138826167456,1.0,0.0,1.0,1
1,1,2.0,1,0,-1.230294796524154,0.792497489932804,-1.534333225214702,-0.6417950350079528,1.0,0.0,1.0,1
1,1,2.0,0,1,-0.8455868293169638,1.0893277255363971,0.6200716872910129,0.28069138826167456,1.0,0.0,0.0,1
1,0,0.0,0,0,-0.7139571904471093,-1.087807285987484,-1.2273220278599801,0.28069138826167456,1.0,1.0,0.0,1
1,1,2.0,0,1,-1.5481420530374868,1.4686622813180865,1.2358680531476565,0.28069138826167456,1.0,0.0,1.0,0
1,1,2.0,1,0,-1.2024035706640688,0.820826344685931,-0.26968207135020994,-2.4867678815472076,1.0,1.0,0.0,1
1,1,2.0,1,0,-0.9707110426651904,0.7541777067503652,-0.06727413067332899,0.28069138826167456,0.0,0.0,0.0,0
1,1,2.0,0,0,-0.41659723922259856,0.8788720878011488,0.27180893274695556,0.28069138826167456,1.0,0.0,1.0,1
1,0,0.0,0,0,0.7258522509781395,-1.087807285987484,-0.019686251591508733,0.28069138826167456,1.0,0.0,1.0,0
1,1,1.0,0,0,-1.3785617825865795,0.9027133313833364,-0.3790271626692418,0.28069138826167456,1.0,0.0,0.0,1
1,1,2.0,0,0,1.0501859693382194,-1.087807285987484,1.2940106235862263,0.28069138826167456,1.0,1.0,0.0,1
1,0,0.0,0,0,-0.6487121823599176,-1.087807285987484,-1.1990363703024542,0.28069138826167456,1.0,0.0,1.0,1
0,1,0.0,0,0,1.34476137189224,-1.087807285987484,-0.019686251591508733,-1.5642814582775801,1.0,1.0,0.0,1
1,1,0.0,0,0,-0.13456192330072683,0.6380608650548979,-0.2875006143516613,0.28069138826167456,1.0,1.0,0.0,1
0,0,2.0,0,0,-0.20718264374182152,0.8848872029031178,-0.14916351764279945,0.28069138826167456,1.0,1.0,0.0,1
1,1,1.0,0,0,1.7311875663559566,1.3135970151877756,1.9989047173046213,0.28069138826167456,1.0,1.0,0.0,0
1,1,0.0,0,0,-0.4529845701171197,0.9846341212619713,0.5738435820437626,0.28069138826167456,1.0,0.0,1.0,1
1,0,0.0,0,0,-1.2562349190047406,0.8544211018103501,-1.8964388551754523,0.28069138826167456,1.0,1.0,0.0,1
0,0,2.0,0,0,-0.3490057191802406,-1.087807285987484,0.13130859314920248,0.28069138826167456,1.0,0.0,1.0,0
1,1,0.0,0,0,2.493283128341207,1.18510850619505,2.6418919855493197,0.28069138826167456,1.0,0.0,1.0,1
1,1,2.0,0,1,-0.40084933195807587,1.0187982335684167,-0.7703495268339382,0.28069138826167456,1.0,0.0,1.0,1
1,1,0.0,1,0,-0.5532928048587398,0.9904595105339022,-0.019686251591508733,0.28069138826167456,0.0,0.0,1.0,0
1,1,0.0,0,0,-0.4344432729798357,0.7854936910079171,0.13130859314920248,0.28069138826167456,1.0,1.0,0.0,1
1,1,2.0,0,0,-0.6266373121081179,0.857331670739605,0.04207096064570286,0.28069138826167456,0.0,1.0,0.0,0
1,1,2.0,0,0,-0.10319950569516789,0.8046106979216444,0.5265340201092831,0.28069138826167456,1.0,0.0,1.0,1
1,1,0.0,0,0,-0.12616394976609605,0.8374265852229554,0.2853366858475731,0.28069138826167456,0.0,0.0,0.0,0
1,1,0.0,1,0,-0.7941658040128621,0.9168829435995206,-0.14916351764279945,0.28069138826167456,1.0,0.0,1.0,1
1,0,0.0,0,0,-0.8588675104558647,-1.087807285987484,-1.5677619457746144,0.28069138826167456,1.0,0.0,1.0,1
1,0,2.0,0,0,0.2213772780367016,-1.087807285987484,0.5024576459011421,0.28069138826167456,0.0,1.0,0.0,1
0,0,0.0,0,0,-1.3531506777954023,0.8272546254804707,-1.743733019175354,0.28069138826167456,1.0,0.0,1.0,1
1,1,2.0,0,0,0.20271496772955,1.1411996546739716,0.9561618547101842,0.28069138826167456,1.0,1.0,0.0,1
1,1,1.0,1,0,-0.36192332347927747,0.8231967654706652,-0.30547754647861824,-2.4867678815472076,1.0,0.0,1.0,1
0,1,0.0,0,0,-0.4732375274329909,0.9085426636617724,0.35165054638410453,0.28069138826167456,1.0,1.0,0.0,1
1,1,3.0,0,1,0.32743844777908143,0.8434591295721973,0.7420061841690315,0.28069138826167456,1.0,1.0,0.0,1
1,1,1.0,1,0,-0.7473261858160749,1.2013857146977724,1.5476210851435692,-2.4867678815472076,1.0,1.0,0.0,1
0,0,0.0,0,0,-0.4667876174184513,-1.087807285987484,-1.1990363703024542,0.28069138826167456,0.0,0.0,1.0,0
1,1,0.0,0,0,-0.5135214678459596,0.9001574985286666,0.10199805767587765,0.28069138826167456,0.0,1.0,0.0,0
1,0,0.0,1,0,-0.6926689760388577,-1.087807285987484,-1.3750074437031954,-0.6417950350079528,1.0,0.0,0.0,0
1,1,0.0,1,0,-0.9544316604252456,0.8029146536498669,-0.6172305784745311,0.28069138826167456,1.0,0.0,1.0,1
1,1,2.0,0,0,-0.16206675742436877,-1.087807285987484,-0.5962729655604662,0.28069138826167456,1.0,1.0,0.0,1
0,0,0.0,0,0,-0.10555967028729354,0.9076369188394119,0.2167744742757309,0.28069138826167456,1.0,1.0,0.0,1
1,0,0.0,0,0,-0.23856526505496226,1.0719825601624169,0.5738435820437626,0.28069138826167456,1.0,0.0,0.0,1
1,0,0.0,0,1,2.1019989813289306,-1.087807285987484,0.7950903747320927,0.28069138826167456,0.0,0.0,1.0,0
1,0,0.0,0,0,0.2123954911962588,-1.087807285987484,-0.4748930499643301,0.28069138826167456,1.0,1.0,0.0,1
1,1,2.0,0,0,-0.5069048122183044,0.7823802590390846,-0.26968207135020994,0.28069138826167456,1.0,0.0,1.0,1
0,1,2.0,1,0,-4.739952690260343,0.9717785277523878,-0.5549982360699831,0.28069138826167456,1.0,1.0,0.0,1
1,1,0.0,0,0,-1.399011052530118,1.0218036962825061,0.026807555757940034,0.28069138826167456,1.0,1.0,0.0,1
1,0,0.0,0,1,0.7946828604239855,-1.087807285987484,-0.8633494311864762,0.28069138826167456,1.0,1.0,0.0,1
1,1,0.0,0,0,-1.345347113311297,0.835333974959657,-0.514549056768722,0.28069138826167456,1.0,0.0,1.0,1
1,1,3.0,0,0,0.0013459099241130267,-1.087807285987484,-0.514549056768722,0.28069138826167456,1.0,0.0,1.0,1
1,1,3.0,1,1,-0.3927978107206203,0.8949686402105964,0.011428078235602254,0.28069138826167456,1.0,1.0,0.0,1
0,0,1.0,0,0,-0.3243884668629116,-1.087807285987484,0.3646563246339822,-4.700735297394313,1.0,1.0,0.0,0
1,1,3.0,0,0,0.2975522411132104,0.9929979123671524,0.8772292394725536,0.28069138826167456,1.0,1.0,0.0,1
1,1,2.0,0,1,2.1284284667087334,0.699183306233125,0.2987745528819101,0.28069138826167456,1.0,0.0,0.0,1
1,0,0.0,1,0,-0.3810316107002899,-1.087807285987484,-0.9608329544971649,-4.700735297394313,1.0,1.0,0.0,0
1,1,0.0,0,0,-0.16206675742436877,1.0036137914424568,0.1886852512332409,-2.4867678815472076,1.0,0.0,0.0,1
0,0,0.0,0,0,0.24581630703874152,0.9361692301080806,0.31212372047771314,2.1256642348009294,1.0,0.0,0.0,0
1,0,1.0,1,1,-0.6846884208042365,0.8073014012102789,0.7740236056151697,0.28069138826167456,1.0,1.0,0.0,0
0,0,0.0,0,1,-0.7838377918588227,0.8350336409996174,-0.5346725217856375,-0.6417950350079528,1.0,1.0,0.0,0
0,0,1.0,0,0,-0.18136212760553383,-1.087807285987484,-0.2875006143516613,0.28069138826167456,1.0,0.0,0.0,1
1,1,0.0,1,0,-1.070633915557624,0.9214384208154944,-0.23450915788532117,0.28069138826167456,1.0,0.0,1.0,1
1,1,3.0,0,0,-0.3311880869061434,1.0134341546437284,0.2987745528819101,0.28069138826167456,1.0,0.0,0.0,1
1,0,0.0,0,0,0.5329232234595145,-1.087807285987484,0.17449297160115532,0.28069138826167456,1.0,0.0,1.0,1
1,0,0.0,0,0,-0.20718264374182152,-1.087807285987484,-0.26968207135020994,2.1256642348009294,1.0,0.0,1.0,0
0,0,1.0,1,0,0.304849626567789,-1.087807285987484,0.04207096064570286,0.28069138826167456,1.0,1.0,0.0,1
1,0,0.0,0,0,-0.522729123746708,-1.087807285987484,-1.1990363703024542,2.1256642348009294,1.0,0.0,1.0,0
1,1,3.0,1,0,-0.7556313752810248,0.8147220114710618,0.5855000497478912,0.28069138826167456,1.0,0.0,0.0,0
1,1,0.0,0,0,-0.3158175426658866,0.8274094302884295,-0.25201915079875786,0.28069138826167456,1.0,1.0,0.0,1
1,1,0.0,1,0,0.9175680145524192,-1.087807285987484,-0.4359997061454893,0.28069138826167456,0.0,0.0,1.0,0
1,1,1.0,1,0,-1.0191769038662948,0.9344371023687205,-0.019686251591508733,0.28069138826167456,1.0,0.0,1.0,1
1,1,3.0,0,0,-0.7443706281656066,0.8848872029031178,-0.6172305784745311,0.28069138826167456,1.0,0.0,0.0,1
1,1,0.0,1,1,0.024349917142799177,0.6165650076935915,-0.7932016518752706,0.28069138826167456,1.0,1.0,0.0,0
1,1,2.0,0,0,0.10283419627700417,-1.087807285987484,-0.514549056768722,0.28069138826167456,1.0,0.0,1.0,0
0,0,0.0,0,0,-0.4737347701237042,0.9777250361843837,0.04207096064570286,0.28069138826167456,1.0,0.0,0.0,1
0,1,0.0,0,0,0.10868608270853251,-1.087807285987484,-0.2875006143516613,0.28069138826167456,1.0,0.0,0.0,0
1,1,0.0,0,0,0.45076730998837544,1.0638141432604074,0.6086133475858632,0.28069138826167456,1.0,1.0,0.0,1
1,0,0.0,0,0,-1.15035144212329,0.9000407208702466,0.07225646949181026,0.28069138826167456,1.0,1.0,0.0,1
1,1,0.0,0,0,0.2819321176187001,0.7916101153582462,0.49031111360488727,0.28069138826167456,0.0,0.0,1.0,0
1,0,0.0,0,1,0.6345560366343093,-1.087807285987484,0.8772292394725536,0.28069138826167456,1.0,0.0,0.0,1
1,1,3.0,0,0,-0.3476279530538176,0.7531480404089252,-0.019686251591508733,0.28069138826167456,0.0,1.0,0.0,0
1,1,1.0,0,1,1.4161633027041338,1.0433946153320468,0.42845945666931523,-2.4867678815472076,0.0,0.0,1.0,0
1,1,0.0,0,0,0.020357478478394853,0.9268641253933111,-0.323615708848252,0.28069138826167456,1.0,0.0,1.0,0
1,1,0.0,0,1,-0.33437131693968586,-1.087807285987484,-3.2589828819215003,-3.4092543048168347,1.0,1.0,0.0,1
1,1,2.0,0,0,-0.5812633369331788,-1.087807285987484,-0.9360180229467153,0.28069138826167456,1.0,1.0,0.0,1
1,1,0.0,0,0,-0.17971073431165022,0.622793816835484,0.42845945666931523,0.28069138826167456,1.0,0.0,1.0,1
0,0,1.0,0,1,1.1042427777996293,-1.087807285987484,0.2987745528819101,0.28069138826167456,1.0,1.0,0.0,1
1,0,3.0,0,1,1.2327115414788916,-1.087807285987484,1.6394032925915045,0.28069138826167456,1.0,1.0,0.0,1
1,1,1.0,0,0,0.00208138330182609,0.9790185264950254,0.5738435820437626,-3.9627461587786112,1.0,0.0,0.0,0
0,1,0.0,0,0,-0.3540678647525789,0.9626854034685863,-0.26968207135020994,0.28069138826167456,1.0,1.0,0.0,1
1,1,3.0,1,0,-0.16574336287750538,0.6911764139108378,-0.514549056768722,0.28069138826167456,1.0,1.0,0.0,1
1,1,3.0,0,0,-0.5433853701092521,-1.087807285987484,-0.5346725217856375,0.28069138826167456,1.0,0.0,1.0,1
1,1,2.0,0,0,1.0501859693382194,0.9929979123671524,0.49031111360488727,0.28069138826167456,1.0,0.0,0.0,1
0,0,0.0,0,0,-0.04380155198708186,-1.087807285987484,-1.1990363703024542,0.28069138826167456,1.0,1.0,0.0,1
1,1,0.0,0,0,-0.8844780944079356,1.0061815658377602,-0.004069250838178115,0.28069138826167456,1.0,0.0,0.0,1
1,1,0.0,0,0,2.480683538677469,-1.087807285987484,-0.019686251591508733,0.28069138826167456,1.0,0.0,0.0,0
1,0,0.0,1,0,-0.456915969873793,0.9052441066497581,-0.05128676245298645,-2.4867678815472076,0.0,0.0,1.0,0
1,1,2.0,1,0,-0.019015377648163932,0.7057124113414439,-0.323615708848252,0.28069138826167456,1.0,0.0,1.0,1
1,1,3.0,0,0,-0.06437535089506655,-1.087807285987484,-2.337833022407851,-2.4867678815472076,1.0,0.0,0.0,1
1,1,1.0,1,0,-0.8393018400921629,0.8721935439031513,0.16020039234110842,-2.4867678815472076,1.0,0.0,1.0,0
1,0,0.0,0,0,-0.8455868293169638,-1.087807285987484,-0.5962729655604662,2.1256642348009294,1.0,1.0,0.0,0
1,1,1.0,0,0,-0.36146015152776945,0.9319717878767595,0.5855000497478912,0.28069138826167456,1.0,1.0,0.0,1
1,1,0.0,0,0,-0.7941658040128621,0.8888207953549312,-0.14916351764279945,0.28069138826167456,1.0,0.0,1.0,1
1,0,0.0,1,0,-0.2321531940068902,-1.087807285987484,-0.323615708848252,0.28069138826167456,1.0,0.0,0.0,1
0,0,0.0,0,0,1.4003550447730164,-1.087807285987484,1.3977457486229574,0.28069138826167456,1.0,0.0,1.0,1
1,0,0.0,0,0,0.5173615199786061,1.06780872496461,1.6668259710243647,0.28069138826167456,1.0,1.0,0.0,1
1,1,1.0,0,0,-0.22110040331640887,0.9724852688085986,0.31212372047771314,0.28069138826167456,1.0,1.0,0.0,0
0,1,0.0,1,0,-0.06667800658262452,-1.087807285987484,-0.08338888962458542,0.28069138826167456,1.0,0.0,0.0,1
1,1,3.0,1,0,-1.1419675954183734,0.622793816835484,-0.6384076468223703,2.1256642348009294,1.0,1.0,0.0,1
1,1,3.0,0,0,2.703181390369265,-1.087807285987484,2.1167472646037777,0.28069138826167456,1.0,0.0,0.0,1
1,1,2.0,0,0,0.15105967597123723,0.7799738012209483,0.2987745528819101,0.28069138826167456,1.0,1.0,0.0,1
1,0,0.0,0,0,-0.8870622068986037,-1.087807285987484,-1.0896912789834223,0.28069138826167456,1.0,0.0,1.0,0
1,1,3.0,1,1,0.45297785941756163,-1.087807285987484,0.011428078235602254,0.28069138826167456,1.0,0.0,0.0,1
0,0,0.0,0,0,-0.20215197816152408,0.8272546254804707,0.08718193611360721,0.28069138826167456,1.0,0.0,0.0,1
1,1,2.0,0,1,0.6908687131679979,-1.087807285987484,-0.019686251591508733,0.28069138826167456,0.0,0.0,0.0,0
1,1,1.0,0,0,-1.2942886322494647,-1.087807285987484,-1.501448085238083,0.28069138826167456,1.0,0.0,0.0,0
1,0,0.0,0,0,-0.15962044648511953,0.8231967654706652,-0.019686251591508733,0.28069138826167456,1.0,0.0,0.0,1
0,0,0.0,1,1,2.277451486885525,-1.087807285987484,-0.06727413067332899,0.28069138826167456,1.0,0.0,1.0,1
1,1,1.0,0,1,-0.6146267316826697,-1.087807285987484,-0.6172305784745311,0.28069138826167456,1.0,1.0,0.0,1
1,1,0.0,0,0,-0.675617028068846,0.8764518365749299,-0.323615708848252,0.28069138826167456,1.0,0.0,0.0,1
1,1,3.0,0,0,-0.36146015152776945,0.9319717878767595,-0.09963308577694752,0.28069138826167456,0.0,0.0,0.0,0
1,0,0.0,1,0,-0.5973186870701674,0.9219754233173225,-0.30547754647861824,0.28069138826167456,1.0,1.0,0.0,1
1,1,0.0,0,0,-0.22661710321132528,0.874395980933547,-0.14916351764279945,0.28069138826167456,1.0,0.0,0.0,1
1,1,1.0,0,0,-0.1555516862535016,-1.087807285987484,-1.3146330633475283,0.28069138826167456,1.0,0.0,1.0,0
1,0,0.0,0,0,-0.20718264374182152,-1.087807285987484,-0.514549056768722,0.28069138826167456,1.0,0.0,1.0,1
1,1,1.0,1,0,0.684922107109158,-1.087807285987484,0.11670642467340243,-2.4867678815472076,1.0,0.0,1.0,1
1,1,0.0,0,0,-1.0977458200638817,1.1850697904830112,-1.2273220278599801,-2.4867678815472076,1.0,1.0,0.0,0
1,0,0.0,0,0,-0.3927978107206203,-1.087807285987484,-1.2273220278599801,0.28069138826167456,1.0,0.0,1.0,1
1,1,0.0,0,1,1.2665125417154124,-1.087807285987484,0.7845844209866044,0.28069138826167456,1.0,1.0,0.0,1
1,0,3.0,0,0,1.2004041278346063,-1.087807285987484,0.7203761218562649,0.28069138826167456,1.0,0.0,0.0,1
1,1,2.0,1,0,0.565393578722978,0.820826344685931,0.7420061841690315,2.1256642348009294,1.0,1.0,0.0,0
1,1,2.0,1,0,-0.6178932718298762,-1.087807285987484,-2.1051177824209453,-2.4867678815472076,0.0,0.0,1.0,0
1,0,2.0,0,0,0.4050382732991774,1.092006793142015,0.45342757068891326,0.28069138826167456,1.0,0.0,0.0,1
1,1,3.0,1,0,-0.4702573634222781,-1.087807285987484,-1.1164783136135623,0.28069138826167456,1.0,1.0,0.0,1
0,0,0.0,0,0,1.3373768741654093,0.8272546254804707,1.1143143851094741,0.28069138826167456,1.0,0.0,0.0,0
0,0,0.0,0,0,-0.017525648324755404,-1.087807285987484,-0.2875006143516613,0.28069138826167456,1.0,1.0,0.0,0
1,1,2.0,0,0,0.3030284474752049,-1.087807285987484,0.3646563246339822,0.28069138826167456,1.0,1.0,0.0,1
1,1,0.0,0,0,-1.0375652678549578,0.7259735181260711,-0.019686251591508733,0.28069138826167456,1.0,0.0,1.0,1
1,1,1.0,0,0,-0.1102906361765804,-1.087807285987484,-1.8964388551754523,-1.5642814582775801,1.0,0.0,1.0,1
1,0,0.0,0,0,-0.4777183731572235,0.9835376382789339,-0.7477527381414021,0.28069138826167456,1.0,0.0,0.0,1
1,1,0.0,0,0,-0.685257121373605,0.8678638254662532,0.3646563246339822,0.28069138826167456,1.0,0.0,0.0,1
1,1,0.0,0,0,1.9632885418626447,-1.087807285987484,-0.5962729655604662,0.28069138826167456,1.0,1.0,0.0,1
1,1,2.0,1,0,-0.13857675139808148,-1.087807285987484,-0.08338888962458542,0.28069138826167456,1.0,1.0,0.0,1
1,0,0.0,1,0,0.5886179280740165,-1.087807285987484,0.05722003183934124,0.28069138826167456,1.0,0.0,0.0,0
0,0,0.0,0,0,0.24581630703874152,-1.087807285987484,-0.45535288299923016,0.28069138826167456,0.0,1.0,0.0,0
1,1,0.0,0,0,-2.248962348183996,0.9587146968786279,-0.2875006143516613,0.28069138826167456,1.0,0.0,0.0,1
1,0,0.0,0,0,-0.46579766376565207,0.9717785277523878,0.44098204496396876,0.28069138826167456,1.0,0.0,1.0,1
1,1,0.0,0,0,0.9727168898616253,-1.087807285987484,1.5185214241345362,0.28069138826167456,1.0,0.0,1.0,0
1,0,0.0,0,0,-0.5930212322628244,-1.087807285987484,-0.5549982360699831,0.28069138826167456,1.0,1.0,0.0,1
0,1,0.0,1,0,-1.254601084615747,0.823825218634478,-0.514549056768722,0.28069138826167456,1.0,1.0,0.0,1
1,1,0.0,0,1,2.0893489623036925,-1.087807285987484,1.4055092573811037,0.28069138826167456,1.0,0.0,1.0,1
1,1,3.0,0,0,0.32264660925572586,-1.087807285987484,-0.6384076468223703,0.28069138826167456,1.0,0.0,1.0,0
1,1,1.0,0,0,-0.49425807484807555,0.9403994279334329,0.5503271362830024,0.28069138826167456,1.0,1.0,0.0,0
1,1,0.0,0,0,-0.5196539202775701,0.9231529111997127,0.14580608568243383,0.28069138826167456,1.0,0.0,0.0,1
0,0,0.0,0,0,-1.0925806182136173,1.2619794540468903,0.11670642467340243,0.28069138826167456,0.0,1.0,0.0,1
1,1,1.0,0,1,1.1118938084372934,1.1099681311573615,2.1491927446843277,0.28069138826167456,0.0,0.0,0.0,0
1,1,2.0,0,0,0.5972080281500116,1.1425727271110326,0.7527350769598834,-2.4867678815472076,1.0,1.0,0.0,1
1,0,0.0,0,0,-0.3531462636673274,-1.087807285987484,-0.03542478664660795,0.28069138826167456,1.0,1.0,0.0,0
1,1,2.0,1,0,-0.37775276536199726,0.8634602442325574,-0.2875006143516613,0.28069138826167456,0.0,0.0,0.0,0
0,0,0.0,0,0,0.24581630703874152,-1.087807285987484,0.04207096064570286,0.28069138826167456,1.0,0.0,0.0,1
1,1,3.0,0,0,1.1270852640920637,1.110640565386714,0.011428078235602254,0.28069138826167456,1.0,0.0,0.0,1
1,1,1.0,0,0,1.2628842305176808,-1.087807285987484,0.7420061841690315,0.28069138826167456,1.0,0.0,1.0,1
1,1,1.0,0,0,-0.4792148257256184,0.8441852538471535,0.16020039234110842,0.28069138826167456,1.0,1.0,0.0,1
1,1,0.0,1,0,-0.6255416486136707,0.8399450150478514,-0.41682997448648273,0.28069138826167456,1.0,1.0,0.0,1
1,0,0.0,0,0,-0.6487121823599176,0.8552560470435177,-0.05128676245298645,0.28069138826167456,1.0,0.0,0.0,1
1,1,3.0,0,0,0.023624771545389958,0.26664381695764244,-0.08338888962458542,0.28069138826167456,1.0,1.0,0.0,1
1,1,1.0,0,0,-0.041532075787854526,1.008953947003892,0.8872659426924134,0.28069138826167456,1.0,0.0,1.0,0
1,1,1.0,0,0,0.6345560366343093,1.2067454020347879,0.6652666752855875,0.28069138826167456,0.0,0.0,1.0,0
1,1,0.0,1,0,0.008319079414300467,0.8761957482508166,0.8159399567950343,0.28069138826167456,1.0,0.0,0.0,1
0,0,0.0,1,1,2.1972385785116035,-1.087807285987484,1.1143143851094741,0.28069138826167456,1.0,1.0,0.0,1
1,1,2.0,0,0,-0.9761751113188613,0.6919099038318955,-1.011395376765554,-2.4867678815472076,1.0,0.0,1.0,1
1,1,0.0,1,0,-1.3085879430525191,0.7059602625458281,-0.5549982360699831,0.28069138826167456,1.0,1.0,0.0,1
1,1,2.0,1,0,0.13221712956923387,-1.087807285987484,-0.323615708848252,0.28069138826167456,1.0,0.0,0.0,1
1,0,0.0,0,0,0.6589715962377567,-1.087807285987484,-0.41682997448648273,0.28069138826167456,0.0,0.0,0.0,0
1,1,0.0,0,0,0.13221712956923387,1.0248466039288677,-0.019686251591508733,0.28069138826167456,1.0,1.0,0.0,1
1,1,2.0,0,0,1.1358797481436234,-1.087807285987484,1.3899523226087962,0.28069138826167456,0.0,0.0,1.0,0
1,1,1.0,0,0,1.0439370239697217,-1.087807285987484,0.32538535191889467,-0.6417950350079528,0.0,1.0,0.0,0
1,1,2.0,1,0,-0.4214005860676371,0.85006366248998,-0.9360180229467153,0.28069138826167456,1.0,0.0,1.0,1
1,1,1.0,0,0,-0.8512648430321311,0.8812698577574244,-0.4359997061454893,0.28069138826167456,1.0,1.0,0.0,1
1,0,0.0,0,0,0.2614851212014575,-1.087807285987484,-0.18287082371840307,0.28069138826167456,1.0,1.0,0.0,1
1,0,0.0,0,0,-0.8455868293169638,1.4686622813180865,-0.45535288299923016,0.28069138826167456,1.0,1.0,0.0,1
1,1,1.0,0,0,-0.531474949115022,0.7032207220190313,-0.514549056768722,0.28069138826167456,1.0,0.0,1.0,1
1,1,0.0,0,0,0.6179832750023696,1.08837218189502,1.3977457486229574,0.28069138826167456,1.0,1.0,0.0,1
1,1,2.0,0,1,0.5972080281500116,0.7632644215639829,-0.3603874772845236,0.28069138826167456,1.0,0.0,0.0,1
1,1,2.0,1,0,-0.515562966783437,0.8952067740001183,-0.05128676245298645,0.28069138826167456,1.0,0.0,1.0,1
1,1,2.0,1,0,-0.38150057488709754,0.9665959561165368,0.2167744742757309,0.28069138826167456,1.0,0.0,1.0,1
1,0,0.0,0,0,0.19557790987036153,1.0404282655262072,0.31212372047771314,0.28069138826167456,1.0,1.0,0.0,1
1,1,2.0,1,0,-0.02873311646210754,0.7878494680626703,-0.004069250838178115,0.28069138826167456,1.0,0.0,0.0,0
1,1,2.0,0,1,0.10868608270853251,0.8848872029031178,0.42845945666931523,0.28069138826167456,1.0,1.0,0.0,1
1,0,0.0,0,0,-0.5690641269898065,0.8848872029031178,-0.14916351764279945,0.28069138826167456,1.0,0.0,0.0,1
0,0,0.0,0,0,-0.2317266493300104,-1.087807285987484,-0.659808815292104,0.28069138826167456,1.0,0.0,0.0,1
1,1,2.0,0,1,0.9756918001644769,1.2037375293562722,2.6418919855493197,0.28069138826167456,1.0,0.0,0.0,1
1,1,0.0,0,0,-0.12895830190403623,0.9144642656789793,0.07225646949181026,0.28069138826167456,1.0,1.0,0.0,1
1,0,1.0,0,1,0.14569905404339445,-1.087807285987484,-0.3978402429653701,0.28069138826167456,1.0,0.0,0.0,0
1,1,1.0,1,0,-0.08599885987724629,1.1259829297183084,0.13130859314920248,0.28069138826167456,1.0,0.0,0.0,0
1,1,0.0,0,0,0.16769498281064338,-1.087807285987484,0.40317923314672965,2.1256642348009294,1.0,1.0,0.0,1
1,1,0.0,1,0,0.06831668756114088,-1.087807285987484,-0.14916351764279945,0.28069138826167456,1.0,0.0,0.0,1
1,1,2.0,0,1,1.2269786852264213,1.2280228102426898,2.1705374446413614,-0.6417950350079528,1.0,0.0,0.0,1
1,1,0.0,1,0,-0.5585323845736011,0.8272546254804707,-0.514549056768722,2.1256642348009294,0.0,0.0,1.0,0
1,1,0.0,0,0,-0.580730967075228,0.970270247413194,0.026807555757940034,0.28069138826167456,1.0,1.0,0.0,1
1,1,0.0,0,0,0.5987190767562401,-1.087807285987484,0.42845945666931523,0.28069138826167456,1.0,0.0,1.0,1
1,1,1.0,0,0,3.257581954334363,-1.087807285987484,1.4055092573811037,0.28069138826167456,1.0,1.0,0.0,0
1,0,1.0,0,0,1.5228695660305847,-1.087807285987484,0.8365767843094309,0.28069138826167456,1.0,1.0,0.0,0
0,0,1.0,0,0,0.15606874266462642,-1.087807285987484,-0.9360180229467153,0.28069138826167456,1.0,1.0,0.0,0
1,0,0.0,0,1,0.8128044759642592,-1.087807285987484,-0.019686251591508733,0.28069138826167456,1.0,0.0,1.0,1
0,1,1.0,0,0,0.1369489414837363,-1.087807285987484,0.08718193611360721,0.28069138826167456,1.0,0.0,1.0,1
1,1,0.0,0,0,-0.2983693789451498,0.7779198973618535,-1.7072925459397519,0.28069138826167456,1.0,0.0,0.0,0
1,1,1.0,0,0,-1.0368540390283532,0.7820114918198909,-0.8396954592247211,0.28069138826167456,1.0,0.0,1.0,1
1,0,0.0,0,0,-0.5738264843517018,0.9603842916934618,0.2167744742757309,0.28069138826167456,1.0,1.0,0.0,1
1,1,0.0,0,0,-0.7687715184725534,1.168438401726662,0.7420061841690315,0.28069138826167456,1.0,0.0,0.0,1
1,1,0.0,0,0,-0.6677221934447024,0.9051296080852129,-0.1160088153135048,0.28069138826167456,1.0,1.0,0.0,1
0,1,0.0,0,0,-0.8556952712973821,0.9106811555873963,0.11670642467340243,0.28069138826167456,1.0,1.0,0.0,1
0,1,0.0,0,0,-0.8948400805308444,0.5194922695817615,0.011428078235602254,0.28069138826167456,1.0,1.0,0.0,1
